{"cameraMode":{"drawMode":0,"name":"Shaded","section":"Shading Mode"},"sceneLighting":true,"audioPlay":false,"sceneViewState":{"m_AlwaysRefresh":true,"showFog":true,"showSkybox":true,"showFlares":true,"showImageEffects":true,"showParticleSystems":true,"showVisualEffectGraphs":true,"m_FxEnabled":false},"in2DMode":false,"pivot":{"x":2.825540065765381,"y":3.401926040649414,"z":2.6579456329345705},"rotation":{"x":0.0029851871076971294,"y":0.9911617040634155,"z":-0.022612091153860093,"w":0.13089244067668916},"size":5.0277791023254398,"orthographic":false}